url,state,county
https://library.municode.com/ga/acworth,ga,acworth
https://library.municode.com/ga/adairsville,ga,adairsville
https://library.municode.com/ga/adel,ga,adel
https://library.municode.com/ga/albany,ga,albany
https://library.municode.com/ga/alma,ga,alma
https://library.municode.com/ga/alpharetta,ga,alpharetta
https://library.municode.com/ga/alto,ga,alto
https://library.municode.com/ga/americus,ga,americus
https://library.municode.com/ga/aragon,ga,aragon
https://library.municode.com/ga/arcade,ga,arcade
https://library.municode.com/ga/ashburn,ga,ashburn
https://library.municode.com/ga/athens-clarke_county,ga,athens-clarke_county
https://library.municode.com/ga/atlanta,ga,atlanta
https://library.municode.com/ga/auburn,ga,auburn
https://library.municode.com/ga/augusta-richmond_county,ga,augusta-richmond_county
https://library.municode.com/ga/austell,ga,austell
https://library.municode.com/ga/avondale_estates,ga,avondale_estates
https://library.municode.com/ga/bainbridge,ga,bainbridge
https://library.municode.com/ga/baldwin_county,ga,baldwin_county
https://library.municode.com/ga/ball_ground,ga,ball_ground
https://library.municode.com/ga/banks_county,ga,banks_county
https://library.municode.com/ga/barrow_county,ga,barrow_county
https://library.municode.com/ga/bartow_county,ga,bartow_county
https://library.municode.com/ga/ben_hill_county,ga,ben_hill_county
https://library.municode.com/ga/berkeley_lake,ga,berkeley_lake
https://library.municode.com/ga/berrien_county,ga,berrien_county
https://library.municode.com/ga/blackshear,ga,blackshear
https://library.municode.com/ga/blairsville,ga,blairsville
https://library.municode.com/ga/bleckley_county,ga,bleckley_county
https://library.municode.com/ga/bloomingdale,ga,bloomingdale
https://library.municode.com/ga/blue_ridge,ga,blue_ridge
https://library.municode.com/ga/bowdon,ga,bowdon
https://library.municode.com/ga/brantley_county,ga,brantley_county
https://library.municode.com/ga/bremen,ga,bremen
https://library.municode.com/ga/brookhaven,ga,brookhaven
https://library.municode.com/ga/brooklet,ga,brooklet
https://library.municode.com/ga/brunswick,ga,brunswick
https://library.municode.com/ga/bryan_county,ga,bryan_county
https://library.municode.com/ga/buchanan,ga,buchanan
https://library.municode.com/ga/buena_vista,ga,buena_vista
https://library.municode.com/ga/buford,ga,buford
https://library.municode.com/ga/bulloch_county,ga,bulloch_county
https://library.municode.com/ga/burke_county,ga,burke_county
https://library.municode.com/ga/butler,ga,butler
https://library.municode.com/ga/butts_county,ga,butts_county
https://library.municode.com/ga/byron,ga,byron
https://library.municode.com/ga/cairo,ga,cairo
https://library.municode.com/ga/calhoun,ga,calhoun
https://library.municode.com/ga/camilla,ga,camilla
https://library.municode.com/ga/canton,ga,canton
https://library.municode.com/ga/carroll_county,ga,carroll_county
https://library.municode.com/ga/carrollton,ga,carrollton
https://library.municode.com/ga/cartersville,ga,cartersville
https://library.municode.com/ga/catoosa_county,ga,catoosa_county
https://library.municode.com/ga/cave_spring,ga,cave_spring
https://library.municode.com/ga/cedartown,ga,cedartown
https://library.municode.com/ga/centerville,ga,centerville
https://library.municode.com/ga/chamblee,ga,chamblee
https://library.municode.com/ga/charlton_county,ga,charlton_county
https://library.municode.com/ga/chatsworth,ga,chatsworth
https://library.municode.com/ga/chattahoochee_hills,ga,chattahoochee_hills
https://library.municode.com/ga/cherokee_county,ga,cherokee_county
https://library.municode.com/ga/clarkston,ga,clarkston
https://library.municode.com/ga/clay_county,ga,clay_county
https://library.municode.com/ga/clayton,ga,clayton
https://library.municode.com/ga/clayton_county,ga,clayton_county
https://library.municode.com/ga/cleveland,ga,cleveland
https://library.municode.com/ga/cobb_county,ga,cobb_county
https://library.municode.com/ga/cochran,ga,cochran
https://library.municode.com/ga/coffee_county,ga,coffee_county
https://library.municode.com/ga/colbert,ga,colbert
https://library.municode.com/ga/college_park,ga,college_park
https://library.municode.com/ga/colquitt,ga,colquitt
https://library.municode.com/ga/colquitt_county,ga,colquitt_county
https://library.municode.com/ga/columbia_county,ga,columbia_county
https://library.municode.com/ga/columbus,ga,columbus
https://library.municode.com/ga/commerce,ga,commerce
https://library.municode.com/ga/conyers,ga,conyers
https://library.municode.com/ga/cook_county,ga,cook_county
https://library.municode.com/ga/cordele,ga,cordele
https://library.municode.com/ga/cornelia,ga,cornelia
https://library.municode.com/ga/covington,ga,covington
https://library.municode.com/ga/coweta_county,ga,coweta_county
https://library.municode.com/ga/crawfordville,ga,crawfordville
https://library.municode.com/ga/crisp_county,ga,crisp_county
https://library.municode.com/ga/cumming,ga,cumming
https://library.municode.com/ga/cusseta-chattahoochee_county,ga,cusseta-chattahoochee_county
https://library.municode.com/ga/dacula,ga,dacula
https://library.municode.com/ga/dade_county,ga,dade_county
https://library.municode.com/ga/dahlonega,ga,dahlonega
https://library.municode.com/ga/dallas,ga,dallas
https://library.municode.com/ga/dalton,ga,dalton
https://library.municode.com/ga/darien,ga,darien
https://library.municode.com/ga/dawson,ga,dawson
https://library.municode.com/ga/dawson_county,ga,dawson_county
https://library.municode.com/ga/dawsonville,ga,dawsonville
https://library.municode.com/ga/decatur,ga,decatur
https://library.municode.com/ga/dekalb_county,ga,dekalb_county
https://library.municode.com/ga/demorest,ga,demorest
https://library.municode.com/ga/dodge_county,ga,dodge_county
https://library.municode.com/ga/doerun,ga,doerun
https://library.municode.com/ga/donalsonville,ga,donalsonville
https://library.municode.com/ga/dooly_county,ga,dooly_county
https://library.municode.com/ga/doraville,ga,doraville
https://library.municode.com/ga/dougherty_county,ga,dougherty_county
https://library.municode.com/ga/douglas,ga,douglas
https://library.municode.com/ga/douglas_county,ga,douglas_county
https://library.municode.com/ga/douglasville,ga,douglasville
https://library.municode.com/ga/dublin,ga,dublin
https://library.municode.com/ga/duluth,ga,duluth
https://library.municode.com/ga/dunwoody,ga,dunwoody
https://library.municode.com/ga/early_county,ga,early_county
https://library.municode.com/ga/east_point,ga,east_point
https://library.municode.com/ga/eastman,ga,eastman
https://library.municode.com/ga/eatonton,ga,eatonton
https://library.municode.com/ga/echols_county,ga,echols_county
https://library.municode.com/ga/edison,ga,edison
https://library.municode.com/ga/effingham_county,ga,effingham_county
https://library.municode.com/ga/ellaville,ga,ellaville
https://library.municode.com/ga/ellenton,ga,ellenton
https://library.municode.com/ga/ellijay,ga,ellijay
https://library.municode.com/ga/emanuel_county,ga,emanuel_county
https://library.municode.com/ga/emerson,ga,emerson
https://library.municode.com/ga/fairburn,ga,fairburn
https://library.municode.com/ga/fairmount,ga,fairmount
https://library.municode.com/ga/fannin_county,ga,fannin_county
https://library.municode.com/ga/fayette_county,ga,fayette_county
https://library.municode.com/ga/fayetteville,ga,fayetteville
https://library.municode.com/ga/fitzgerald,ga,fitzgerald
https://library.municode.com/ga/flemington,ga,flemington
https://library.municode.com/ga/flowery_branch,ga,flowery_branch
https://library.municode.com/ga/floyd_county,ga,floyd_county
https://library.municode.com/ga/forest_park,ga,forest_park
https://library.municode.com/ga/forsyth_county,ga,forsyth_county
https://library.municode.com/ga/fort_oglethorpe,ga,fort_oglethorpe
https://library.municode.com/ga/fort_valley,ga,fort_valley
https://library.municode.com/ga/franklin,ga,franklin
https://library.municode.com/ga/fulton_county,ga,fulton_county
https://library.municode.com/ga/gainesville,ga,gainesville
https://library.municode.com/ga/garden_city,ga,garden_city
https://library.municode.com/ga/gilmer_county,ga,gilmer_county
https://library.municode.com/ga/glascock_county,ga,glascock_county
https://library.municode.com/ga/glennville,ga,glennville
https://library.municode.com/ga/glynn_county,ga,glynn_county
https://library.municode.com/ga/gordon_county,ga,gordon_county
https://library.municode.com/ga/grady_county,ga,grady_county
https://library.municode.com/ga/grantville,ga,grantville
https://library.municode.com/ga/gray,ga,gray
https://library.municode.com/ga/grayson,ga,grayson
https://library.municode.com/ga/greene_county,ga,greene_county
https://library.municode.com/ga/greensboro,ga,greensboro
https://library.municode.com/ga/greenville,ga,greenville
https://library.municode.com/ga/griffin,ga,griffin
https://library.municode.com/ga/grovetown,ga,grovetown
https://library.municode.com/ga/gwinnett_county,ga,gwinnett_county
https://library.municode.com/ga/habersham_county,ga,habersham_county
https://library.municode.com/ga/hahira,ga,hahira
https://library.municode.com/ga/hall_county,ga,hall_county
https://library.municode.com/ga/hamilton,ga,hamilton
https://library.municode.com/ga/hampton,ga,hampton
https://library.municode.com/ga/hapeville,ga,hapeville
https://library.municode.com/ga/haralson_county,ga,haralson_county
https://library.municode.com/ga/harlem,ga,harlem
https://library.municode.com/ga/harris_county,ga,harris_county
https://library.municode.com/ga/hart_county,ga,hart_county
https://library.municode.com/ga/hartwell,ga,hartwell
https://library.municode.com/ga/hawkinsville,ga,hawkinsville
https://library.municode.com/ga/heard_county,ga,heard_county
https://library.municode.com/ga/helen,ga,helen
https://library.municode.com/ga/henry_county,ga,henry_county
https://library.municode.com/ga/hiawassee,ga,hiawassee
https://library.municode.com/ga/hinesville,ga,hinesville
https://library.municode.com/ga/hiram,ga,hiram
https://library.municode.com/ga/hogansville,ga,hogansville
https://library.municode.com/ga/holly_springs,ga,holly_springs
https://library.municode.com/ga/houston_county,ga,houston_county
https://library.municode.com/ga/jackson,ga,jackson
https://library.municode.com/ga/jackson_county,ga,jackson_county
https://library.municode.com/ga/jasper,ga,jasper
https://library.municode.com/ga/jasper_county,ga,jasper_county
https://library.municode.com/ga/jeff_davis_county,ga,jeff_davis_county
https://library.municode.com/ga/jefferson,ga,jefferson
https://library.municode.com/ga/jefferson_county,ga,jefferson_county
https://library.municode.com/ga/jekyll_island_authority,ga,jekyll_island_authority
https://library.municode.com/ga/jesup,ga,jesup
https://library.municode.com/ga/johns_creek,ga,johns_creek
https://library.municode.com/ga/johnson_county,ga,johnson_county
https://library.municode.com/ga/jones_county,ga,jones_county
https://library.municode.com/ga/jonesboro,ga,jonesboro
https://library.municode.com/ga/kennesaw,ga,kennesaw
https://library.municode.com/ga/kingsland,ga,kingsland
https://library.municode.com/ga/lafayette,ga,lafayette
https://library.municode.com/ga/lagrange,ga,lagrange
https://library.municode.com/ga/lake_city,ga,lake_city
https://library.municode.com/ga/lake_park,ga,lake_park
https://library.municode.com/ga/lamar_county,ga,lamar_county
https://library.municode.com/ga/lanier_county,ga,lanier_county
https://library.municode.com/ga/laurens_county,ga,laurens_county
https://library.municode.com/ga/lavonia,ga,lavonia
https://library.municode.com/ga/lawrenceville,ga,lawrenceville
https://library.municode.com/ga/lee_county,ga,lee_county
https://library.municode.com/ga/leesburg,ga,leesburg
https://library.municode.com/ga/leslie,ga,leslie
https://library.municode.com/ga/liberty_consolidated_planning_commission,ga,liberty_consolidated_planning_commission
https://library.municode.com/ga/liberty_county_,ga,liberty_county_
https://library.municode.com/ga/liberty_county_joint_planning_commission,ga,liberty_county_joint_planning_commission
https://library.municode.com/ga/lilburn,ga,lilburn
https://library.municode.com/ga/lincoln_county,ga,lincoln_county
https://library.municode.com/ga/lincolnton,ga,lincolnton
https://library.municode.com/ga/locust_grove,ga,locust_grove
https://library.municode.com/ga/loganville,ga,loganville
https://library.municode.com/ga/long_county,ga,long_county
https://library.municode.com/ga/lookout_mountain,ga,lookout_mountain
https://library.municode.com/ga/louisville,ga,louisville
https://library.municode.com/ga/lovejoy,ga,lovejoy
https://library.municode.com/ga/lumpkin_county,ga,lumpkin_county
https://library.municode.com/ga/luthersville,ga,luthersville
https://library.municode.com/ga/lyons,ga,lyons
https://library.municode.com/ga/macon_county,ga,macon_county
https://library.municode.com/ga/macon-bibb_county,ga,macon-bibb_county
https://library.municode.com/ga/madison,ga,madison
https://library.municode.com/ga/madison_county,ga,madison_county
https://library.municode.com/ga/manchester,ga,manchester
https://library.municode.com/ga/marietta,ga,marietta
https://library.municode.com/ga/marion_county,ga,marion_county
https://library.municode.com/ga/mcdonough,ga,mcdonough
https://library.municode.com/ga/mcduffie_county,ga,mcduffie_county
https://library.municode.com/ga/mcintosh_county,ga,mcintosh_county
https://library.municode.com/ga/mcrae-helena,ga,mcrae-helena
https://library.municode.com/ga/meriwether_county,ga,meriwether_county
https://library.municode.com/ga/metter,ga,metter
https://library.municode.com/ga/midway,ga,midway
https://library.municode.com/ga/milledgeville,ga,milledgeville
https://library.municode.com/ga/millen,ga,millen
https://library.municode.com/ga/miller_county,ga,miller_county
https://library.municode.com/ga/milner,ga,milner
https://library.municode.com/ga/milton,ga,milton
https://library.municode.com/ga/mitchell_county,ga,mitchell_county
https://library.municode.com/ga/monroe,ga,monroe
https://library.municode.com/ga/monroe_county,ga,monroe_county
https://library.municode.com/ga/montezuma,ga,montezuma
https://library.municode.com/ga/montgomery_county,ga,montgomery_county
https://library.municode.com/ga/monticello,ga,monticello
https://library.municode.com/ga/morgan_county,ga,morgan_county
https://library.municode.com/ga/morrow,ga,morrow
https://library.municode.com/ga/moultrie,ga,moultrie
https://library.municode.com/ga/mount_airy,ga,mount_airy
https://library.municode.com/ga/mount_zion,ga,mount_zion
https://library.municode.com/ga/mountain_park,ga,mountain_park
https://library.municode.com/ga/murray_county,ga,murray_county
https://library.municode.com/ga/nashville,ga,nashville
https://library.municode.com/ga/nelson,ga,nelson
https://library.municode.com/ga/newnan,ga,newnan
https://library.municode.com/ga/newton_county,ga,newton_county
https://library.municode.com/ga/nicholson,ga,nicholson
https://library.municode.com/ga/norcross,ga,norcross
https://library.municode.com/ga/oakwood,ga,oakwood
https://library.municode.com/ga/ocilla,ga,ocilla
https://library.municode.com/ga/oconee_county,ga,oconee_county
https://library.municode.com/ga/oglethorpe,ga,oglethorpe
https://library.municode.com/ga/oglethorpe_county,ga,oglethorpe_county
https://library.municode.com/ga/oxford,ga,oxford
https://library.municode.com/ga/palmetto,ga,palmetto
https://library.municode.com/ga/paulding_county,ga,paulding_county
https://library.municode.com/ga/peach_county,ga,peach_county
https://library.municode.com/ga/peachtree_city,ga,peachtree_city
https://library.municode.com/ga/peachtree_corners,ga,peachtree_corners
https://library.municode.com/ga/pearson,ga,pearson
https://library.municode.com/ga/perry,ga,perry
https://library.municode.com/ga/pickens_county,ga,pickens_county
https://library.municode.com/ga/pierce_county,ga,pierce_county
https://library.municode.com/ga/pine_lake,ga,pine_lake
https://library.municode.com/ga/polk_county,ga,polk_county
https://library.municode.com/ga/pooler,ga,pooler
https://library.municode.com/ga/port_wentworth,ga,port_wentworth
https://library.municode.com/ga/porterdale,ga,porterdale
https://library.municode.com/ga/powder_springs,ga,powder_springs
https://library.municode.com/ga/pulaski_county,ga,pulaski_county
https://library.municode.com/ga/putnam_county,ga,putnam_county
https://library.municode.com/ga/quitman,ga,quitman
https://library.municode.com/ga/rabun_county,ga,rabun_county
https://library.municode.com/ga/reidsville,ga,reidsville
https://library.municode.com/ga/reynolds,ga,reynolds
https://library.municode.com/ga/riceboro,ga,riceboro
https://library.municode.com/ga/richmond_hill,ga,richmond_hill
https://library.municode.com/ga/rincon,ga,rincon
https://library.municode.com/ga/ringgold,ga,ringgold
https://library.municode.com/ga/riverdale,ga,riverdale
https://library.municode.com/ga/rockdale_county,ga,rockdale_county
https://library.municode.com/ga/rockmart,ga,rockmart
https://library.municode.com/ga/rome,ga,rome
https://library.municode.com/ga/rossville,ga,rossville
https://library.municode.com/ga/roswell,ga,roswell
https://library.municode.com/ga/rutledge,ga,rutledge
https://library.municode.com/ga/sandersville,ga,sandersville
https://library.municode.com/ga/sandy_springs,ga,sandy_springs
https://library.municode.com/ga/savannah,ga,savannah
https://library.municode.com/ga/schley_county,ga,schley_county
https://library.municode.com/ga/screven_county,ga,screven_county
https://library.municode.com/ga/seminole_county,ga,seminole_county
https://library.municode.com/ga/senoia,ga,senoia
https://library.municode.com/ga/sky_valley,ga,sky_valley
https://library.municode.com/ga/smyrna,ga,smyrna
https://library.municode.com/ga/snellville,ga,snellville
https://library.municode.com/ga/social_circle,ga,social_circle
https://library.municode.com/ga/south_fulton,ga,south_fulton
https://library.municode.com/ga/spalding_county,ga,spalding_county
https://library.municode.com/ga/springfield,ga,springfield
https://library.municode.com/ga/st._marys,ga,st._marys
https://library.municode.com/ga/statesboro,ga,statesboro
https://library.municode.com/ga/statham,ga,statham
https://library.municode.com/ga/stephens_county,ga,stephens_county
https://library.municode.com/ga/stockbridge,ga,stockbridge
https://library.municode.com/ga/stone_mountain,ga,stone_mountain
https://library.municode.com/ga/stonecrest,ga,stonecrest
https://library.municode.com/ga/sugar_hill,ga,sugar_hill
https://library.municode.com/ga/sumter_county,ga,sumter_county
https://library.municode.com/ga/suwanee,ga,suwanee
https://library.municode.com/ga/sylvania,ga,sylvania
https://library.municode.com/ga/sylvester,ga,sylvester
https://library.municode.com/ga/talbot_county,ga,talbot_county
https://library.municode.com/ga/taliaferro_county,ga,taliaferro_county
https://library.municode.com/ga/tallapoosa,ga,tallapoosa
https://library.municode.com/ga/tallulah_falls,ga,tallulah_falls
https://library.municode.com/ga/tattnall_county,ga,tattnall_county
https://library.municode.com/ga/temple,ga,temple
https://library.municode.com/ga/thomas_county,ga,thomas_county
https://library.municode.com/ga/thomaston,ga,thomaston
https://library.municode.com/ga/thomasville,ga,thomasville
https://library.municode.com/ga/thomson,ga,thomson
https://library.municode.com/ga/thunderbolt,ga,thunderbolt
https://library.municode.com/ga/tift_county,ga,tift_county
https://library.municode.com/ga/tifton,ga,tifton
https://library.municode.com/ga/toccoa,ga,toccoa
https://library.municode.com/ga/towns_county,ga,towns_county
https://library.municode.com/ga/trenton,ga,trenton
https://library.municode.com/ga/troup_county,ga,troup_county
https://library.municode.com/ga/tucker,ga,tucker
https://library.municode.com/ga/turner_county,ga,turner_county
https://library.municode.com/ga/ty_ty,ga,ty_ty
https://library.municode.com/ga/tybee_island,ga,tybee_island
https://library.municode.com/ga/tyrone,ga,tyrone
https://library.municode.com/ga/unadilla,ga,unadilla
https://library.municode.com/ga/unified_government_of_georgetown-quitman_county_commission,ga,unified_government_of_georgetown-quitman_county_commission
https://library.municode.com/ga/union_city,ga,union_city
https://library.municode.com/ga/union_county,ga,union_county
https://library.municode.com/ga/union_point,ga,union_point
https://library.municode.com/ga/upson_county,ga,upson_county
https://library.municode.com/ga/valdosta,ga,valdosta
https://library.municode.com/ga/vidalia,ga,vidalia
https://library.municode.com/ga/vienna,ga,vienna
https://library.municode.com/ga/villa_rica,ga,villa_rica
https://library.municode.com/ga/waleska,ga,waleska
https://library.municode.com/ga/walker_county,ga,walker_county
https://library.municode.com/ga/walthourville,ga,walthourville
https://library.municode.com/ga/walton_county,ga,walton_county
https://library.municode.com/ga/ware_county,ga,ware_county
https://library.municode.com/ga/warm_springs,ga,warm_springs
https://library.municode.com/ga/warner_robins,ga,warner_robins
https://library.municode.com/ga/warrenton,ga,warrenton
https://library.municode.com/ga/washington,ga,washington
https://library.municode.com/ga/washington_county,ga,washington_county
https://library.municode.com/ga/watkinsville,ga,watkinsville
https://library.municode.com/ga/waycross,ga,waycross
https://library.municode.com/ga/wayne_county,ga,wayne_county
https://library.municode.com/ga/waynesboro,ga,waynesboro
https://library.municode.com/ga/webster_county_consolidated_government,ga,webster_county_consolidated_government
https://library.municode.com/ga/west_point,ga,west_point
https://library.municode.com/ga/white_county,ga,white_county
https://library.municode.com/ga/whitesburg,ga,whitesburg
https://library.municode.com/ga/whitfield_county,ga,whitfield_county
https://library.municode.com/ga/wilkes_county,ga,wilkes_county
https://library.municode.com/ga/winder,ga,winder
https://library.municode.com/ga/winterville,ga,winterville
https://library.municode.com/ga/woodbine,ga,woodbine
https://library.municode.com/ga/woodbury,ga,woodbury
https://library.municode.com/ga/woodstock,ga,woodstock
https://library.municode.com/ga/wrens,ga,wrens
https://library.municode.com/ga/wrightsville,ga,wrightsville
https://library.municode.com/ga/young_harris,ga,young_harris
