state,town,url
GA,acworth,https://library.municode.com/ga/acworth
GA,adairsville,https://library.municode.com/ga/adairsville
GA,adel,https://library.municode.com/ga/adel
GA,albany,https://library.municode.com/ga/albany
GA,alma,https://library.municode.com/ga/alma
GA,alpharetta,https://library.municode.com/ga/alpharetta
GA,alto,https://library.municode.com/ga/alto
GA,americus,https://library.municode.com/ga/americus
GA,aragon,https://library.municode.com/ga/aragon
GA,arcade,https://library.municode.com/ga/arcade
GA,ashburn,https://library.municode.com/ga/ashburn
GA,athens-clarke_county,https://library.municode.com/ga/athens-clarke_county
GA,atlanta,https://library.municode.com/ga/atlanta
GA,auburn,https://library.municode.com/ga/auburn
GA,augusta-richmond_county,https://library.municode.com/ga/augusta-richmond_county
GA,austell,https://library.municode.com/ga/austell
GA,avondale_estates,https://library.municode.com/ga/avondale_estates
GA,bainbridge,https://library.municode.com/ga/bainbridge
GA,baldwin_county,https://library.municode.com/ga/baldwin_county
GA,ball_ground,https://library.municode.com/ga/ball_ground
GA,banks_county,https://library.municode.com/ga/banks_county
GA,barrow_county,https://library.municode.com/ga/barrow_county
GA,bartow_county,https://library.municode.com/ga/bartow_county
GA,ben_hill_county,https://library.municode.com/ga/ben_hill_county
GA,berkeley_lake,https://library.municode.com/ga/berkeley_lake
GA,berrien_county,https://library.municode.com/ga/berrien_county
GA,blackshear,https://library.municode.com/ga/blackshear
GA,blairsville,https://library.municode.com/ga/blairsville
GA,bleckley_county,https://library.municode.com/ga/bleckley_county
GA,bloomingdale,https://library.municode.com/ga/bloomingdale
GA,blue_ridge,https://library.municode.com/ga/blue_ridge
GA,bowdon,https://library.municode.com/ga/bowdon
GA,brantley_county,https://library.municode.com/ga/brantley_county
GA,bremen,https://library.municode.com/ga/bremen
GA,brookhaven,https://library.municode.com/ga/brookhaven
GA,brooklet,https://library.municode.com/ga/brooklet
GA,brunswick,https://library.municode.com/ga/brunswick
GA,bryan_county,https://library.municode.com/ga/bryan_county
GA,buchanan,https://library.municode.com/ga/buchanan
GA,buena_vista,https://library.municode.com/ga/buena_vista
GA,buford,https://library.municode.com/ga/buford
GA,bulloch_county,https://library.municode.com/ga/bulloch_county
GA,burke_county,https://library.municode.com/ga/burke_county
GA,butler,https://library.municode.com/ga/butler
GA,butts_county,https://library.municode.com/ga/butts_county
GA,byron,https://library.municode.com/ga/byron
GA,cairo,https://library.municode.com/ga/cairo
GA,calhoun,https://library.municode.com/ga/calhoun
GA,camilla,https://library.municode.com/ga/camilla
GA,canton,https://library.municode.com/ga/canton
GA,carroll_county,https://library.municode.com/ga/carroll_county
GA,carrollton,https://library.municode.com/ga/carrollton
GA,cartersville,https://library.municode.com/ga/cartersville
GA,catoosa_county,https://library.municode.com/ga/catoosa_county
GA,cave_spring,https://library.municode.com/ga/cave_spring
GA,cedartown,https://library.municode.com/ga/cedartown
GA,centerville,https://library.municode.com/ga/centerville
GA,chamblee,https://library.municode.com/ga/chamblee
GA,charlton_county,https://library.municode.com/ga/charlton_county
GA,chatsworth,https://library.municode.com/ga/chatsworth
GA,chattahoochee_hills,https://library.municode.com/ga/chattahoochee_hills
GA,cherokee_county,https://library.municode.com/ga/cherokee_county
GA,clarkston,https://library.municode.com/ga/clarkston
GA,clay_county,https://library.municode.com/ga/clay_county
GA,clayton,https://library.municode.com/ga/clayton
GA,clayton_county,https://library.municode.com/ga/clayton_county
GA,cleveland,https://library.municode.com/ga/cleveland
GA,cobb_county,https://library.municode.com/ga/cobb_county
GA,cochran,https://library.municode.com/ga/cochran
GA,coffee_county,https://library.municode.com/ga/coffee_county
GA,colbert,https://library.municode.com/ga/colbert
GA,college_park,https://library.municode.com/ga/college_park
GA,colquitt,https://library.municode.com/ga/colquitt
GA,colquitt_county,https://library.municode.com/ga/colquitt_county
GA,columbia_county,https://library.municode.com/ga/columbia_county
GA,columbus,https://library.municode.com/ga/columbus
GA,commerce,https://library.municode.com/ga/commerce
GA,conyers,https://library.municode.com/ga/conyers
GA,cook_county,https://library.municode.com/ga/cook_county
GA,cordele,https://library.municode.com/ga/cordele
GA,cornelia,https://library.municode.com/ga/cornelia
GA,covington,https://library.municode.com/ga/covington
GA,coweta_county,https://library.municode.com/ga/coweta_county
GA,crawfordville,https://library.municode.com/ga/crawfordville
GA,crisp_county,https://library.municode.com/ga/crisp_county
GA,cumming,https://library.municode.com/ga/cumming
GA,cusseta-chattahoochee_county,https://library.municode.com/ga/cusseta-chattahoochee_county
GA,dacula,https://library.municode.com/ga/dacula
GA,dade_county,https://library.municode.com/ga/dade_county
GA,dahlonega,https://library.municode.com/ga/dahlonega
GA,dallas,https://library.municode.com/ga/dallas
GA,dalton,https://library.municode.com/ga/dalton
GA,darien,https://library.municode.com/ga/darien
GA,dawson,https://library.municode.com/ga/dawson
GA,dawson_county,https://library.municode.com/ga/dawson_county
GA,dawsonville,https://library.municode.com/ga/dawsonville
GA,decatur,https://library.municode.com/ga/decatur
GA,dekalb_county,https://library.municode.com/ga/dekalb_county
GA,demorest,https://library.municode.com/ga/demorest
GA,dodge_county,https://library.municode.com/ga/dodge_county
GA,doerun,https://library.municode.com/ga/doerun
GA,donalsonville,https://library.municode.com/ga/donalsonville
GA,dooly_county,https://library.municode.com/ga/dooly_county
GA,doraville,https://library.municode.com/ga/doraville
GA,dougherty_county,https://library.municode.com/ga/dougherty_county
GA,douglas,https://library.municode.com/ga/douglas
GA,douglas_county,https://library.municode.com/ga/douglas_county
GA,douglasville,https://library.municode.com/ga/douglasville
GA,dublin,https://library.municode.com/ga/dublin
GA,duluth,https://library.municode.com/ga/duluth
GA,dunwoody,https://library.municode.com/ga/dunwoody
GA,early_county,https://library.municode.com/ga/early_county
GA,east_point,https://library.municode.com/ga/east_point
GA,eastman,https://library.municode.com/ga/eastman
GA,eatonton,https://library.municode.com/ga/eatonton
GA,echols_county,https://library.municode.com/ga/echols_county
GA,edison,https://library.municode.com/ga/edison
GA,effingham_county,https://library.municode.com/ga/effingham_county
GA,ellaville,https://library.municode.com/ga/ellaville
GA,ellenton,https://library.municode.com/ga/ellenton
GA,ellijay,https://library.municode.com/ga/ellijay
GA,emanuel_county,https://library.municode.com/ga/emanuel_county
GA,emerson,https://library.municode.com/ga/emerson
GA,fairburn,https://library.municode.com/ga/fairburn
GA,fairmount,https://library.municode.com/ga/fairmount
GA,fannin_county,https://library.municode.com/ga/fannin_county
GA,fayette_county,https://library.municode.com/ga/fayette_county
GA,fayetteville,https://library.municode.com/ga/fayetteville
GA,fitzgerald,https://library.municode.com/ga/fitzgerald
GA,flemington,https://library.municode.com/ga/flemington
GA,flowery_branch,https://library.municode.com/ga/flowery_branch
GA,floyd_county,https://library.municode.com/ga/floyd_county
GA,forest_park,https://library.municode.com/ga/forest_park
GA,forsyth_county,https://library.municode.com/ga/forsyth_county
GA,fort_oglethorpe,https://library.municode.com/ga/fort_oglethorpe
GA,fort_valley,https://library.municode.com/ga/fort_valley
GA,franklin,https://library.municode.com/ga/franklin
GA,fulton_county,https://library.municode.com/ga/fulton_county
GA,gainesville,https://library.municode.com/ga/gainesville
GA,garden_city,https://library.municode.com/ga/garden_city
GA,gilmer_county,https://library.municode.com/ga/gilmer_county
GA,glascock_county,https://library.municode.com/ga/glascock_county
GA,glennville,https://library.municode.com/ga/glennville
GA,glynn_county,https://library.municode.com/ga/glynn_county
GA,gordon_county,https://library.municode.com/ga/gordon_county
GA,grady_county,https://library.municode.com/ga/grady_county
GA,grantville,https://library.municode.com/ga/grantville
GA,gray,https://library.municode.com/ga/gray
GA,grayson,https://library.municode.com/ga/grayson
GA,greene_county,https://library.municode.com/ga/greene_county
GA,greensboro,https://library.municode.com/ga/greensboro
GA,greenville,https://library.municode.com/ga/greenville
GA,griffin,https://library.municode.com/ga/griffin
GA,grovetown,https://library.municode.com/ga/grovetown
GA,gwinnett_county,https://library.municode.com/ga/gwinnett_county
GA,habersham_county,https://library.municode.com/ga/habersham_county
GA,hahira,https://library.municode.com/ga/hahira
GA,hall_county,https://library.municode.com/ga/hall_county
GA,hamilton,https://library.municode.com/ga/hamilton
GA,hampton,https://library.municode.com/ga/hampton
GA,hapeville,https://library.municode.com/ga/hapeville
GA,haralson_county,https://library.municode.com/ga/haralson_county
GA,harlem,https://library.municode.com/ga/harlem
GA,harris_county,https://library.municode.com/ga/harris_county
GA,hart_county,https://library.municode.com/ga/hart_county
GA,hartwell,https://library.municode.com/ga/hartwell
GA,hawkinsville,https://library.municode.com/ga/hawkinsville
GA,heard_county,https://library.municode.com/ga/heard_county
GA,helen,https://library.municode.com/ga/helen
GA,henry_county,https://library.municode.com/ga/henry_county
GA,hiawassee,https://library.municode.com/ga/hiawassee
GA,hinesville,https://library.municode.com/ga/hinesville
GA,hiram,https://library.municode.com/ga/hiram
GA,hogansville,https://library.municode.com/ga/hogansville
GA,holly_springs,https://library.municode.com/ga/holly_springs
GA,houston_county,https://library.municode.com/ga/houston_county
GA,jackson,https://library.municode.com/ga/jackson
GA,jackson_county,https://library.municode.com/ga/jackson_county
GA,jasper,https://library.municode.com/ga/jasper
GA,jasper_county,https://library.municode.com/ga/jasper_county
GA,jeff_davis_county,https://library.municode.com/ga/jeff_davis_county
GA,jefferson,https://library.municode.com/ga/jefferson
GA,jefferson_county,https://library.municode.com/ga/jefferson_county
GA,jekyll_island_authority,https://library.municode.com/ga/jekyll_island_authority
GA,jesup,https://library.municode.com/ga/jesup
GA,johns_creek,https://library.municode.com/ga/johns_creek
GA,johnson_county,https://library.municode.com/ga/johnson_county
GA,jones_county,https://library.municode.com/ga/jones_county
GA,jonesboro,https://library.municode.com/ga/jonesboro
GA,kennesaw,https://library.municode.com/ga/kennesaw
GA,kingsland,https://library.municode.com/ga/kingsland
GA,lafayette,https://library.municode.com/ga/lafayette
GA,lagrange,https://library.municode.com/ga/lagrange
GA,lake_city,https://library.municode.com/ga/lake_city
GA,lake_park,https://library.municode.com/ga/lake_park
GA,lamar_county,https://library.municode.com/ga/lamar_county
GA,lanier_county,https://library.municode.com/ga/lanier_county
GA,laurens_county,https://library.municode.com/ga/laurens_county
GA,lavonia,https://library.municode.com/ga/lavonia
GA,lawrenceville,https://library.municode.com/ga/lawrenceville
GA,lee_county,https://library.municode.com/ga/lee_county
GA,leesburg,https://library.municode.com/ga/leesburg
GA,leslie,https://library.municode.com/ga/leslie
GA,liberty_consolidated_planning_commission,https://library.municode.com/ga/liberty_consolidated_planning_commission
GA,liberty_county_,https://library.municode.com/ga/liberty_county_
GA,liberty_county_joint_planning_commission,https://library.municode.com/ga/liberty_county_joint_planning_commission
GA,lilburn,https://library.municode.com/ga/lilburn
GA,lincoln_county,https://library.municode.com/ga/lincoln_county
GA,lincolnton,https://library.municode.com/ga/lincolnton
GA,locust_grove,https://library.municode.com/ga/locust_grove
GA,loganville,https://library.municode.com/ga/loganville
GA,long_county,https://library.municode.com/ga/long_county
GA,lookout_mountain,https://library.municode.com/ga/lookout_mountain
GA,louisville,https://library.municode.com/ga/louisville
GA,lovejoy,https://library.municode.com/ga/lovejoy
GA,lumpkin_county,https://library.municode.com/ga/lumpkin_county
GA,luthersville,https://library.municode.com/ga/luthersville
GA,lyons,https://library.municode.com/ga/lyons
GA,macon_county,https://library.municode.com/ga/macon_county
GA,macon-bibb_county,https://library.municode.com/ga/macon-bibb_county
GA,madison,https://library.municode.com/ga/madison
GA,madison_county,https://library.municode.com/ga/madison_county
GA,manchester,https://library.municode.com/ga/manchester
GA,marietta,https://library.municode.com/ga/marietta
GA,marion_county,https://library.municode.com/ga/marion_county
GA,mcdonough,https://library.municode.com/ga/mcdonough
GA,mcduffie_county,https://library.municode.com/ga/mcduffie_county
GA,mcintosh_county,https://library.municode.com/ga/mcintosh_county
GA,mcrae-helena,https://library.municode.com/ga/mcrae-helena
GA,meriwether_county,https://library.municode.com/ga/meriwether_county
GA,metter,https://library.municode.com/ga/metter
GA,midway,https://library.municode.com/ga/midway
GA,milledgeville,https://library.municode.com/ga/milledgeville
GA,millen,https://library.municode.com/ga/millen
GA,miller_county,https://library.municode.com/ga/miller_county
GA,milner,https://library.municode.com/ga/milner
GA,milton,https://library.municode.com/ga/milton
GA,mitchell_county,https://library.municode.com/ga/mitchell_county
GA,monroe,https://library.municode.com/ga/monroe
GA,monroe_county,https://library.municode.com/ga/monroe_county
GA,montezuma,https://library.municode.com/ga/montezuma
GA,montgomery_county,https://library.municode.com/ga/montgomery_county
GA,monticello,https://library.municode.com/ga/monticello
GA,morgan_county,https://library.municode.com/ga/morgan_county
GA,morrow,https://library.municode.com/ga/morrow
GA,moultrie,https://library.municode.com/ga/moultrie
GA,mount_airy,https://library.municode.com/ga/mount_airy
GA,mount_zion,https://library.municode.com/ga/mount_zion
GA,mountain_park,https://library.municode.com/ga/mountain_park
GA,murray_county,https://library.municode.com/ga/murray_county
GA,nashville,https://library.municode.com/ga/nashville
GA,nelson,https://library.municode.com/ga/nelson
GA,newnan,https://library.municode.com/ga/newnan
GA,newton_county,https://library.municode.com/ga/newton_county
GA,nicholson,https://library.municode.com/ga/nicholson
GA,norcross,https://library.municode.com/ga/norcross
GA,oakwood,https://library.municode.com/ga/oakwood
GA,ocilla,https://library.municode.com/ga/ocilla
GA,oconee_county,https://library.municode.com/ga/oconee_county
GA,oglethorpe,https://library.municode.com/ga/oglethorpe
GA,oglethorpe_county,https://library.municode.com/ga/oglethorpe_county
GA,oxford,https://library.municode.com/ga/oxford
GA,palmetto,https://library.municode.com/ga/palmetto
GA,paulding_county,https://library.municode.com/ga/paulding_county
GA,peach_county,https://library.municode.com/ga/peach_county
GA,peachtree_city,https://library.municode.com/ga/peachtree_city
GA,peachtree_corners,https://library.municode.com/ga/peachtree_corners
GA,pearson,https://library.municode.com/ga/pearson
GA,perry,https://library.municode.com/ga/perry
GA,pickens_county,https://library.municode.com/ga/pickens_county
GA,pierce_county,https://library.municode.com/ga/pierce_county
GA,pine_lake,https://library.municode.com/ga/pine_lake
GA,polk_county,https://library.municode.com/ga/polk_county
GA,pooler,https://library.municode.com/ga/pooler
GA,port_wentworth,https://library.municode.com/ga/port_wentworth
GA,porterdale,https://library.municode.com/ga/porterdale
GA,powder_springs,https://library.municode.com/ga/powder_springs
GA,pulaski_county,https://library.municode.com/ga/pulaski_county
GA,putnam_county,https://library.municode.com/ga/putnam_county
GA,quitman,https://library.municode.com/ga/quitman
GA,rabun_county,https://library.municode.com/ga/rabun_county
GA,reidsville,https://library.municode.com/ga/reidsville
GA,reynolds,https://library.municode.com/ga/reynolds
GA,riceboro,https://library.municode.com/ga/riceboro
GA,richmond_hill,https://library.municode.com/ga/richmond_hill
GA,rincon,https://library.municode.com/ga/rincon
GA,ringgold,https://library.municode.com/ga/ringgold
GA,riverdale,https://library.municode.com/ga/riverdale
GA,rockdale_county,https://library.municode.com/ga/rockdale_county
GA,rockmart,https://library.municode.com/ga/rockmart
GA,rome,https://library.municode.com/ga/rome
GA,rossville,https://library.municode.com/ga/rossville
GA,roswell,https://library.municode.com/ga/roswell
GA,rutledge,https://library.municode.com/ga/rutledge
GA,sandersville,https://library.municode.com/ga/sandersville
GA,sandy_springs,https://library.municode.com/ga/sandy_springs
GA,savannah,https://library.municode.com/ga/savannah
GA,schley_county,https://library.municode.com/ga/schley_county
GA,screven_county,https://library.municode.com/ga/screven_county
GA,seminole_county,https://library.municode.com/ga/seminole_county
GA,senoia,https://library.municode.com/ga/senoia
GA,sky_valley,https://library.municode.com/ga/sky_valley
GA,smyrna,https://library.municode.com/ga/smyrna
GA,snellville,https://library.municode.com/ga/snellville
GA,social_circle,https://library.municode.com/ga/social_circle
GA,south_fulton,https://library.municode.com/ga/south_fulton
GA,spalding_county,https://library.municode.com/ga/spalding_county
GA,springfield,https://library.municode.com/ga/springfield
GA,st._marys,https://library.municode.com/ga/st._marys
GA,statesboro,https://library.municode.com/ga/statesboro
GA,statham,https://library.municode.com/ga/statham
GA,stephens_county,https://library.municode.com/ga/stephens_county
GA,stockbridge,https://library.municode.com/ga/stockbridge
GA,stone_mountain,https://library.municode.com/ga/stone_mountain
GA,stonecrest,https://library.municode.com/ga/stonecrest
GA,sugar_hill,https://library.municode.com/ga/sugar_hill
GA,sumter_county,https://library.municode.com/ga/sumter_county
GA,suwanee,https://library.municode.com/ga/suwanee
GA,sylvania,https://library.municode.com/ga/sylvania
GA,sylvester,https://library.municode.com/ga/sylvester
GA,talbot_county,https://library.municode.com/ga/talbot_county
GA,taliaferro_county,https://library.municode.com/ga/taliaferro_county
GA,tallapoosa,https://library.municode.com/ga/tallapoosa
GA,tallulah_falls,https://library.municode.com/ga/tallulah_falls
GA,tattnall_county,https://library.municode.com/ga/tattnall_county
GA,temple,https://library.municode.com/ga/temple
GA,thomas_county,https://library.municode.com/ga/thomas_county
GA,thomaston,https://library.municode.com/ga/thomaston
GA,thomasville,https://library.municode.com/ga/thomasville
GA,thomson,https://library.municode.com/ga/thomson
GA,thunderbolt,https://library.municode.com/ga/thunderbolt
GA,tift_county,https://library.municode.com/ga/tift_county
GA,tifton,https://library.municode.com/ga/tifton
GA,toccoa,https://library.municode.com/ga/toccoa
GA,towns_county,https://library.municode.com/ga/towns_county
GA,trenton,https://library.municode.com/ga/trenton
GA,troup_county,https://library.municode.com/ga/troup_county
GA,tucker,https://library.municode.com/ga/tucker
GA,turner_county,https://library.municode.com/ga/turner_county
GA,ty_ty,https://library.municode.com/ga/ty_ty
GA,tybee_island,https://library.municode.com/ga/tybee_island
GA,tyrone,https://library.municode.com/ga/tyrone
GA,unadilla,https://library.municode.com/ga/unadilla
GA,unified_government_of_georgetown-quitman_county_commission,https://library.municode.com/ga/unified_government_of_georgetown-quitman_county_commission
GA,union_city,https://library.municode.com/ga/union_city
GA,union_county,https://library.municode.com/ga/union_county
GA,union_point,https://library.municode.com/ga/union_point
GA,upson_county,https://library.municode.com/ga/upson_county
GA,valdosta,https://library.municode.com/ga/valdosta
GA,vidalia,https://library.municode.com/ga/vidalia
GA,vienna,https://library.municode.com/ga/vienna
GA,villa_rica,https://library.municode.com/ga/villa_rica
GA,waleska,https://library.municode.com/ga/waleska
GA,walker_county,https://library.municode.com/ga/walker_county
GA,walthourville,https://library.municode.com/ga/walthourville
GA,walton_county,https://library.municode.com/ga/walton_county
GA,ware_county,https://library.municode.com/ga/ware_county
GA,warm_springs,https://library.municode.com/ga/warm_springs
GA,warner_robins,https://library.municode.com/ga/warner_robins
GA,warrenton,https://library.municode.com/ga/warrenton
GA,washington,https://library.municode.com/ga/washington
GA,washington_county,https://library.municode.com/ga/washington_county
GA,watkinsville,https://library.municode.com/ga/watkinsville
GA,waycross,https://library.municode.com/ga/waycross
GA,wayne_county,https://library.municode.com/ga/wayne_county
GA,waynesboro,https://library.municode.com/ga/waynesboro
GA,webster_county_consolidated_government,https://library.municode.com/ga/webster_county_consolidated_government
GA,west_point,https://library.municode.com/ga/west_point
GA,white_county,https://library.municode.com/ga/white_county
GA,whitesburg,https://library.municode.com/ga/whitesburg
GA,whitfield_county,https://library.municode.com/ga/whitfield_county
GA,wilkes_county,https://library.municode.com/ga/wilkes_county
GA,winder,https://library.municode.com/ga/winder
GA,winterville,https://library.municode.com/ga/winterville
GA,woodbine,https://library.municode.com/ga/woodbine
GA,woodbury,https://library.municode.com/ga/woodbury
GA,woodstock,https://library.municode.com/ga/woodstock
GA,wrens,https://library.municode.com/ga/wrens
GA,wrightsville,https://library.municode.com/ga/wrightsville
GA,young_harris,https://library.municode.com/ga/young_harris
